N03_007,Snowfall,Mountainous,Agricultural,Peninsula,RI
"1202",1,1,1,1,0
"1203",1,1,1,1,0
"1204",1,1,1,0,0
"1205",1,0,1,0,0
"1206",1,1,1,0,0
"1207",1,1,1,0,0
"1208",1,1,1,0,0
"1209",1,1,1,0,0
"1210",1,0,1,0,0
"1211",1,0,0,0,0
"1212",1,1,1,0,0
"1213",1,0,1,0,0
"1214",1,1,1,0,0
"1215",1,1,1,0,0
"1216",1,1,1,0,0
"1217",1,0,0,0,0
"1218",1,1,1,0,0
"1219",1,1,1,0,0
"1220",1,1,1,0,0
"1221",1,1,1,0,0
"1222",1,1,1,0,0
"1223",1,1,0,0,0
"1224",1,1,1,0,0
"1225",1,1,1,0,0
"1226",1,1,1,0,0
"1227",1,1,1,0,0
"1228",1,1,1,0,0
"1229",1,1,1,0,0
"1230",1,0,1,0,0
"1231",1,0,0,0,0
"1233",1,1,1,0,0
"1234",1,0,0,0,0
"1235",1,1,1,0,0
"1236",1,1,1,1,0
"1303",1,1,1,0,0
"1304",1,0,0,0,0
"1331",1,1,1,1,0
"1332",1,1,1,1,0
"1333",1,1,1,1,0
"1334",1,1,1,1,0
"1337",1,1,1,1,0
"1343",1,1,1,1,0
"1345",1,1,1,1,0
"1346",1,1,1,1,0
"1347",1,1,1,1,0
"1361",1,1,1,1,0
"1362",1,1,1,1,0
"1363",1,1,1,1,0
"1364",1,1,1,1,0
"1367",1,0,1,0,1
"1370",1,1,1,1,0
"1371",1,1,1,1,0
"1391",1,1,1,1,0
"1392",1,1,1,0,0
"1393",1,1,1,1,0
"1394",1,1,1,1,0
"1395",1,1,1,0,0
"1396",1,1,1,0,0
"1397",1,1,1,0,0
"1398",1,1,1,0,0
"1399",1,1,1,0,0
"1400",1,1,1,1,0
"1401",1,1,1,1,0
"1402",1,1,1,1,0
"1403",1,1,1,1,0
"1404",1,1,1,1,0
"1405",1,1,1,1,0
"1406",1,1,1,1,0
"1407",1,1,1,1,0
"1408",1,1,1,1,0
"1409",1,1,1,1,0
"1423",1,0,0,0,0
"1424",1,1,1,0,0
"1425",1,1,1,0,0
"1427",1,0,1,0,0
"1428",1,0,1,0,0
"1429",1,0,1,0,0
"1430",1,0,0,0,0
"1431",1,1,1,0,0
"1432",1,1,1,0,0
"1433",1,0,0,0,0
"1434",1,1,0,0,0
"1436",1,1,1,0,0
"1437",1,1,1,0,0
"1438",1,1,1,0,0
"1452",1,1,0,0,0
"1453",1,0,0,0,0
"1454",1,1,1,0,0
"1455",1,1,1,0,0
"1456",1,1,1,0,0
"1457",1,1,1,0,0
"1458",1,1,1,0,0
"1459",1,1,1,0,0
"1460",1,1,1,0,0
"1461",1,1,1,0,0
"1462",1,1,1,0,0
"1463",1,1,1,0,0
"1464",1,1,1,0,0
"1465",1,1,1,0,0
"1468",1,1,1,0,0
"1469",1,1,1,0,0
"1470",1,1,1,0,0
"1471",1,1,1,0,0
"1472",1,1,1,0,0
"1481",1,1,1,0,0
"1482",1,1,1,0,0
"1483",1,1,1,0,0
"1484",1,1,1,0,1
"1485",1,1,1,0,0
"1486",1,1,1,0,0
"1487",1,1,1,0,0
"1511",1,1,1,0,0
"1512",1,1,1,0,0
"1513",1,1,1,0,0
"1514",1,1,1,0,0
"1516",1,1,1,0,0
"1517",1,0,1,0,1
"1518",1,0,0,0,1
"1519",1,0,0,0,1
"1520",1,1,1,0,0
"1543",1,1,1,0,0
"1544",1,1,1,0,0
"1545",1,1,0,0,0
"1546",1,1,0,0,0
"1547",1,1,0,0,0
"1549",1,1,1,0,0
"1550",1,1,1,0,0
"1552",1,1,1,0,0
"1555",1,1,1,0,0
"1559",1,1,1,0,0
"1560",1,1,1,0,0
"1561",1,1,1,0,0
"1562",1,1,1,0,0
"1563",1,1,1,0,0
"1564",1,0,0,0,0
"1571",1,1,1,1,0
"1575",1,1,1,0,0
"1578",1,1,1,0,0
"1581",1,1,1,0,0
"1584",1,1,1,0,0
"1585",1,0,1,0,0
"1586",1,1,1,0,0
"1601",1,1,1,0,0
"1602",1,1,1,0,0
"1604",1,1,1,0,0
"1607",1,1,1,0,0
"1608",1,1,1,0,0
"1609",1,1,1,0,0
"1610",1,1,1,0,0
"1631",1,0,0,0,0
"1632",1,1,1,0,0
"1633",1,1,1,0,0
"1634",1,1,1,0,0
"1635",1,1,1,0,0
"1636",1,1,1,0,0
"1637",1,1,1,0,0
"1638",1,1,1,0,0
"1639",1,1,0,0,0
"1641",1,1,1,0,0
"1642",1,1,1,0,0
"1643",1,1,1,0,0
"1644",1,1,1,0,0
"1645",1,1,1,0,0
"1646",1,1,1,0,0
"1647",1,1,1,0,0
"1648",1,1,1,0,0
"1649",1,1,1,0,0
"1661",1,1,1,0,0
"1662",1,1,1,0,1
"1663",1,1,0,0,0
"1664",1,1,1,0,0
"1665",1,1,1,0,0
"1667",1,1,1,0,0
"1668",1,1,1,0,0
"1691",1,1,0,0,0
"1692",1,1,0,0,0
"1693",1,1,0,0,0
"1694",1,1,0,0,0
"1100",1,1,1,0,0
"2201",1,1,1,1,0
"2202",1,1,1,1,0
"2203",1,1,1,0,0
"2204",1,1,1,0,0
"2205",1,1,1,1,0
"2206",1,1,1,0,0
"2207",1,0,0,1,0
"2208",1,1,1,1,0
"2209",1,0,1,1,0
"2210",1,1,1,0,0
"2301",1,1,1,1,0
"2303",1,1,1,1,0
"2304",1,1,1,1,0
"2307",1,1,1,1,0
"2321",1,1,1,1,0
"2323",1,1,1,0,0
"2343",1,1,1,0,0
"2361",1,0,0,1,0
"2362",1,1,1,0,0
"2367",1,0,0,0,0
"2381",1,0,0,1,0
"2384",1,0,0,1,0
"2387",1,1,1,1,0
"2401",1,1,1,1,0
"2402",1,1,1,1,0
"2405",1,0,0,0,0
"2406",1,1,1,1,0
"2408",1,1,1,1,0
"2411",1,1,1,1,0
"2412",1,0,0,0,0
"2423",1,1,1,1,0
"2424",1,1,1,1,0
"2425",1,1,1,1,0
"2426",1,1,1,1,0
"2441",1,1,1,0,0
"2442",1,1,1,0,0
"2443",1,1,1,0,0
"2445",1,1,1,0,0
"2446",1,1,1,0,0
"2450",1,1,1,0,0
"3201",1,1,1,0,0
"3202",1,1,1,0,0
"3203",1,1,1,0,0
"3205",1,1,1,0,0
"3206",1,1,1,0,0
"3207",1,1,1,0,0
"3208",1,1,1,0,0
"3209",1,1,1,0,0
"3210",1,1,1,0,0
"3211",1,1,1,0,0
"3213",1,1,1,0,0
"3214",1,1,1,0,0
"3215",1,1,1,0,0
"3216",1,1,1,0,0
"3301",1,1,1,0,0
"3302",1,1,1,0,0
"3303",1,1,1,0,0
"3321",1,1,1,0,0
"3322",1,1,1,0,0
"3366",1,1,1,0,0
"3381",1,1,0,0,0
"3402",1,1,1,0,0
"3441",1,1,1,0,0
"3461",1,1,1,0,0
"3482",1,1,1,0,0
"3483",1,1,1,0,0
"3484",1,1,1,0,0
"3485",1,1,1,0,0
"3501",1,1,1,0,0
"3503",1,1,1,0,0
"3506",1,1,1,0,0
"3507",1,1,1,0,0
"3524",1,1,1,0,0
"4202",0,1,1,0,1
"4203",0,0,0,0,1
"4205",1,1,1,0,1
"4206",1,1,1,0,0
"4207",0,0,1,0,0
"4208",1,1,1,0,0
"4209",0,0,0,0,0
"4211",0,0,1,0,0
"4212",1,1,1,0,0
"4213",1,1,1,0,0
"4214",0,0,0,0,0
"4215",1,1,1,0,0
"4216",0,1,1,0,0
"4301",1,1,1,0,0
"4302",1,1,1,0,0
"4321",1,0,0,0,0
"4322",1,1,1,0,0
"4323",0,0,0,0,0
"4324",1,1,1,0,0
"4341",1,1,1,0,0
"4361",0,0,0,0,0
"4362",0,1,0,0,0
"4401",0,0,0,0,0
"4404",0,0,0,0,0
"4406",0,0,0,0,0
"4421",1,1,1,0,0
"4422",0,0,0,0,0
"4424",0,1,1,0,0
"4444",1,1,1,0,0
"4445",1,1,1,0,0
"4501",0,0,0,0,0
"4505",1,0,0,0,0
"4581",0,0,1,0,1
"4606",0,1,1,0,0
"5201",1,1,1,1,0
"5202",1,1,1,1,0
"5203",1,1,1,0,0
"5204",1,1,1,0,0
"5206",1,0,1,1,0
"5207",1,1,1,0,0
"5209",1,1,1,0,0
"5210",1,1,1,0,0
"5211",1,1,0,1,0
"5212",1,1,1,0,0
"5213",1,1,1,0,0
"5214",1,1,1,0,0
"5215",1,1,1,0,0
"5303",1,1,1,0,0
"5327",1,1,1,0,0
"5346",1,1,1,0,0
"5348",1,1,1,1,0
"5349",1,1,1,0,0
"5361",1,1,1,1,0
"5363",1,1,1,1,0
"5366",1,1,1,0,0
"5368",1,0,1,1,0
"5434",1,1,1,0,0
"5463",1,1,1,0,0
"5464",1,1,1,0,0
"6201",1,1,1,0,0
"6202",1,1,1,0,0
"6203",1,1,1,0,0
"6204",1,1,1,0,1
"6205",1,1,1,0,0
"6206",1,1,1,0,0
"6207",1,1,1,0,0
"6208",1,1,1,0,0
"6209",1,1,1,0,0
"6210",1,1,1,0,0
"6211",1,1,1,0,0
"6212",1,1,1,0,0
"6213",1,1,1,0,0
"6301",1,1,1,0,0
"6302",1,0,1,0,0
"6321",1,1,1,0,0
"6322",1,1,1,0,0
"6323",1,1,1,0,0
"6324",1,1,1,0,0
"6341",1,1,1,0,0
"6361",1,1,1,0,0
"6362",1,1,1,0,0
"6363",1,1,1,0,0
"6364",1,1,1,0,0
"6365",1,1,1,0,0
"6366",1,1,1,0,0
"6367",1,1,1,0,0
"6381",1,1,1,0,0
"6382",1,1,1,0,0
"6401",1,1,1,0,0
"6402",1,1,1,0,0
"6403",1,1,1,0,0
"6426",1,0,0,0,0
"6428",1,1,1,0,0
"6461",1,1,1,0,0
"7201",1,1,1,0,0
"7202",1,1,1,0,0
"7203",1,1,1,0,0
"7204",0,1,1,0,0
"7205",1,1,1,0,0
"7207",1,1,1,0,0
"7208",1,1,1,0,0
"7209",0,1,1,0,0
"7210",1,1,1,0,0
"7211",0,1,1,0,0
"7212",0,1,1,0,0
"7213",1,1,1,0,0
"7214",0,1,1,0,0
"7301",1,1,1,0,0
"7303",1,0,1,0,0
"7308",0,1,1,0,0
"7322",0,1,1,0,0
"7342",1,0,1,0,0
"7344",1,1,1,0,0
"7362",1,1,1,0,0
"7364",1,1,1,0,0
"7367",1,1,1,0,0
"7368",1,1,1,0,0
"7402",1,1,1,0,0
"7405",1,1,1,0,0
"7407",1,1,1,0,0
"7408",1,1,1,0,0
"7421",1,1,1,0,0
"7422",1,0,1,0,0
"7423",1,1,1,0,0
"7444",1,1,1,0,0
"7445",1,1,1,0,0
"7446",1,1,1,0,0
"7447",1,1,1,0,0
"7461",1,1,1,0,0
"7464",0,0,1,0,0
"7465",0,0,1,0,0
"7466",1,0,1,0,0
"7481",1,1,1,0,0
"7482",0,1,1,0,0
"7483",0,1,1,0,0
"7484",0,1,1,0,0
"7501",0,1,1,0,0
"7502",0,0,1,0,0
"7503",0,1,1,0,0
"7504",0,1,1,0,0
"7505",0,1,1,0,0
"7521",0,0,1,0,0
"7522",0,1,1,0,0
"7541",0,1,1,0,0
"7542",0,1,1,0,0
"7543",0,1,1,0,0
"7544",0,1,1,0,0
"7545",0,1,1,0,0
"7546",0,1,1,0,0
"7547",0,1,1,0,0
"7548",0,1,1,0,0
"7561",0,1,0,0,0
"7564",0,1,1,0,0
"8201",0,0,0,0,0
"8202",0,1,1,0,0
"8203",0,0,0,0,0
"8204",0,0,1,0,0
"8205",0,0,0,0,0
"8207",0,0,1,0,0
"8208",0,0,0,0,0
"8210",0,0,0,0,0
"8211",0,0,1,0,0
"8212",0,1,1,0,0
"8214",0,1,1,0,0
"8215",0,1,1,0,0
"8216",0,1,1,0,0
"8217",0,0,0,0,0
"8219",0,0,0,0,0
"8220",0,0,0,0,0
"8221",0,0,0,0,0
"8222",0,0,0,0,0
"8223",0,0,0,0,0
"8224",0,0,0,0,0
"8225",0,1,1,0,0
"8226",0,0,1,0,0
"8227",0,0,0,0,0
"8228",0,0,1,0,0
"8229",0,0,0,0,0
"8230",0,0,0,0,0
"8231",0,1,1,0,0
"8232",0,0,0,0,0
"8233",0,0,0,0,0
"8234",0,0,0,0,0
"8235",0,0,0,0,0
"8236",0,0,0,0,0
"8302",0,0,0,0,0
"8309",0,0,0,0,0
"8310",0,1,1,0,0
"8341",0,0,0,0,0
"8364",0,1,1,0,0
"8442",0,0,0,0,0
"8443",0,0,0,0,0
"8447",0,0,0,0,0
"8521",0,0,1,0,0
"8542",0,0,0,0,0
"8546",0,0,1,0,0
"8564",0,0,0,0,0
"9201",0,0,0,0,0
"9202",0,1,1,0,0
"9203",0,1,1,0,0
"9204",0,1,1,0,0
"9205",1,1,1,0,0
"9206",1,1,1,0,0
"9208",0,0,1,0,0
"9209",0,0,0,0,0
"9210",1,1,1,0,0
"9211",1,1,1,0,0
"9213",1,1,1,0,0
"9214",0,0,0,0,0
"9215",0,1,1,0,0
"9216",0,0,1,0,0
"9301",0,0,0,0,0
"9342",0,1,1,0,0
"9343",0,1,1,0,0
"9344",0,1,1,0,0
"9345",0,0,0,0,0
"9361",0,0,0,0,0
"9364",0,0,1,0,0
"9384",1,1,1,0,0
"9386",0,0,0,0,0
"9407",1,1,1,0,0
"9411",0,1,1,0,0
"10201",1,1,1,0,0
"10202",1,1,1,0,0
"10203",1,1,1,0,0
"10204",0,0,0,0,0
"10205",0,0,0,0,0
"10206",1,1,1,0,0
"10207",0,0,0,0,0
"10208",1,1,1,0,0
"10209",0,1,1,0,0
"10210",0,1,1,0,0
"10211",1,1,1,0,0
"10212",1,1,1,0,0
"10344",1,0,1,0,0
"10345",1,0,1,0,0
"10366",0,1,1,0,0
"10367",0,1,1,0,0
"10382",0,1,1,0,0
"10383",0,1,1,0,0
"10384",0,1,1,0,0
"10421",1,1,1,0,0
"10424",1,1,1,0,0
"10425",1,1,1,0,0
"10426",1,1,1,0,0
"10428",1,1,1,0,0
"10429",1,1,1,0,0
"10443",1,1,1,0,0
"10444",1,1,1,0,0
"10448",1,1,1,0,0
"10449",1,1,1,0,0
"10464",0,0,0,0,0
"10521",0,0,0,0,0
"10522",0,0,0,0,0
"10523",0,0,0,0,0
"10524",0,0,0,0,0
"10525",0,0,0,0,0
"22138",0,0,0,0,0
"22139",0,1,1,0,0
"22140",1,1,1,0,0
"22203",0,1,1,1,0
"22205",0,0,1,0,1
"22206",0,0,1,0,0
"22207",0,1,1,0,0
"22208",0,1,1,1,0
"22209",0,1,1,0,0
"22210",0,0,1,0,0
"22211",0,1,1,0,0
"22212",0,0,1,0,0
"22213",0,1,1,0,0
"22214",0,1,1,0,0
"22215",0,0,1,0,0
"22216",0,0,1,0,0
"22219",0,1,1,1,0
"22220",0,0,1,0,0
"22221",0,0,1,0,0
"22222",0,1,1,1,0
"22223",0,0,1,0,0
"22224",0,0,1,0,0
"22225",0,1,1,1,0
"22226",0,0,1,0,0
"22301",0,1,1,1,0
"22302",0,1,1,1,0
"22304",0,1,1,1,0
"22305",0,1,1,1,0
"22306",0,1,1,1,0
"22325",0,0,1,0,0
"22341",0,0,0,0,0
"22342",0,0,1,0,0
"22344",0,1,1,0,0
"22424",0,0,1,0,0
"22429",1,1,1,0,0
"22461",0,1,1,0,0
"23201",0,0,1,0,0
"23202",0,1,1,0,0
"23203",0,0,1,0,0
"23204",0,1,1,0,0
"23205",0,0,0,0,0
"23206",0,0,1,0,0
"23207",0,1,1,0,0
"23208",0,0,0,0,0
"23209",0,0,0,0,0
"23210",0,0,0,0,0
"23211",0,1,1,0,0
"23212",0,0,0,0,0
"23213",0,0,1,0,1
"23214",0,0,1,0,0
"23215",0,0,1,0,0
"23216",0,0,0,0,0
"23217",0,0,0,0,0
"23219",0,0,1,0,0
"23220",0,0,1,0,0
"23221",0,1,1,0,0
"23222",0,0,0,0,0
"23223",0,0,0,0,0
"23224",0,0,0,0,0
"23225",0,0,0,0,0
"23226",0,0,0,0,0
"23227",0,0,0,0,0
"23228",0,0,0,0,0
"23229",0,0,0,0,0
"23230",0,0,0,0,0
"23231",0,0,0,0,0
"23232",0,0,0,0,0
"23233",0,0,0,0,0
"23234",0,0,0,0,0
"23235",0,0,0,0,0
"23236",0,0,0,0,0
"23237",0,0,0,0,0
"23238",0,0,0,0,0
"23302",0,0,0,0,0
"23342",0,0,0,0,0
"23361",0,0,0,0,0
"23362",0,0,0,0,0
"23424",0,0,0,0,0
"23425",0,0,0,0,0
"23427",0,0,0,0,0
"23441",0,0,0,0,0
"23442",0,0,0,0,0
"23445",0,0,0,0,1
"23446",0,0,0,0,0
"23447",0,0,0,0,0
"23501",0,0,1,0,0
"23561",0,1,1,0,0
"23562",0,1,1,0,0
"23563",1,1,1,0,0
"24201",0,1,1,1,0
"24202",0,1,1,0,0
"24203",0,1,1,1,0
"24204",0,1,1,1,0
"24205",0,0,1,0,0
"24207",0,1,1,0,0
"24208",0,1,1,0,0
"24209",0,1,1,1,0
"24210",0,1,1,0,0
"24211",0,1,1,1,1
"24212",0,1,1,1,0
"24214",0,1,1,0,0
"24215",0,1,1,1,1
"24216",0,1,1,0,0
"24303",0,0,0,0,0
"24324",0,0,1,0,0
"24341",0,1,1,0,0
"24343",0,0,0,0,0
"24344",0,0,0,0,0
"24441",0,1,1,1,0
"24442",0,0,0,1,0
"24443",0,1,1,1,0
"24461",0,1,1,1,0
"24470",0,1,1,1,0
"24471",0,1,1,1,0
"24472",0,1,1,1,0
"24543",0,1,1,1,0
"24561",0,1,1,1,0
"24562",0,1,1,1,0
"25201",1,1,1,0,0
"25202",0,0,1,0,0
"25203",1,1,1,0,0
"25204",0,0,0,0,0
"25206",0,0,0,0,0
"25207",0,0,0,0,0
"25208",0,1,1,0,0
"25209",0,1,1,0,0
"25210",0,0,0,0,0
"25211",0,1,1,0,0
"25212",1,1,1,0,0
"25213",0,1,1,0,0
"25214",1,1,1,0,0
"25383",0,1,1,0,0
"25384",0,0,0,0,0
"25425",0,1,1,0,0
"25441",0,0,0,0,0
"25442",0,1,1,0,0
"25443",0,1,1,0,0
"26201",1,1,1,1,0
"26202",1,1,1,1,0
"26203",1,1,1,0,0
"26204",0,1,1,0,0
"26205",1,1,1,1,0
"26206",0,0,1,0,0
"26207",0,0,1,0,0
"26208",0,0,0,0,0
"26209",0,0,0,0,0
"26210",0,0,0,0,0
"26211",0,0,1,0,0
"26212",1,1,1,1,0
"26213",1,1,1,0,0
"26214",0,0,1,0,0
"26303",0,0,0,0,0
"26322",0,0,0,0,0
"26343",0,0,1,0,0
"26344",0,1,1,0,0
"26364",0,1,1,0,0
"26365",0,1,1,0,0
"26366",0,0,1,0,0
"26367",0,1,1,0,0
"26407",1,1,1,0,0
"26463",1,1,1,1,0
"26465",1,1,1,1,0
"27202",0,0,1,1,0
"27203",0,0,0,0,0
"27204",0,0,0,0,0
"27205",0,0,0,0,0
"27206",0,0,0,0,0
"27207",0,0,1,0,0
"27208",0,0,1,1,0
"27209",0,0,0,0,0
"27210",0,0,0,0,0
"27211",0,0,1,0,0
"27212",0,0,0,0,0
"27213",0,0,1,1,0
"27214",0,0,1,0,0
"27215",0,0,0,0,0
"27216",0,0,1,1,0
"27217",0,0,0,0,0
"27218",0,0,0,0,0
"27219",0,0,1,1,0
"27220",0,0,0,0,0
"27221",0,0,0,0,0
"27222",0,0,0,0,0
"27223",0,0,0,0,0
"27224",0,0,0,0,0
"27225",0,0,0,0,0
"27226",0,0,0,0,0
"27227",0,0,0,0,0
"27228",0,0,1,1,0
"27229",0,0,0,0,0
"27230",0,0,0,0,0
"27231",0,0,0,0,0
"27232",0,0,0,1,0
"27301",0,0,0,0,0
"27321",0,0,1,0,0
"27322",0,1,1,0,0
"27341",0,0,0,0,0
"27361",0,0,0,0,0
"27362",0,0,0,0,0
"27366",0,0,0,0,0
"27381",0,0,1,0,0
"27382",0,0,1,0,0
"27383",0,0,1,1,0
"28201",0,1,1,0,1
"28202",0,0,0,0,0
"28203",0,0,0,0,0
"28204",0,0,0,0,0
"28205",0,1,1,0,1
"28206",0,0,0,0,0
"28207",0,0,0,0,0
"28208",0,0,1,0,0
"28209",1,1,1,1,0
"28210",0,0,0,0,0
"28212",0,0,1,0,0
"28213",0,1,1,0,0
"28214",0,0,1,0,0
"28215",0,0,0,0,0
"28216",0,0,0,0,0
"28217",0,0,1,0,0
"28218",0,0,0,0,0
"28219",0,1,1,0,0
"28220",0,1,1,0,0
"28221",0,1,1,0,0
"28222",1,1,1,0,0
"28223",1,1,1,0,0
"28224",0,1,1,0,1
"28225",1,1,1,0,0
"28226",0,0,0,0,1
"28227",1,1,1,0,0
"28228",0,1,1,0,0
"28229",0,1,1,0,0
"28301",0,1,1,0,0
"28365",1,1,1,0,0
"28381",0,0,0,0,0
"28382",0,0,0,0,0
"28442",0,1,1,0,0
"28443",0,1,1,0,0
"28446",1,1,1,0,0
"28464",0,0,0,0,0
"28481",0,1,1,0,0
"28501",1,1,1,0,0
"28585",1,1,1,0,0
"28586",1,1,1,0,0
"29201",0,1,1,0,0
"29202",0,0,0,0,0
"29203",0,0,0,0,0
"29204",0,1,1,0,0
"29205",0,0,1,0,0
"29206",0,0,1,1,0
"29207",0,1,1,1,0
"29208",0,0,1,1,0
"29209",0,0,1,0,0
"29210",0,0,1,0,0
"29211",0,0,1,0,0
"29212",0,1,1,1,0
"29322",0,1,1,0,0
"29342",0,0,0,0,0
"29343",0,0,0,0,0
"29344",0,0,0,0,0
"29345",0,0,0,0,0
"29361",0,0,0,0,0
"29362",0,0,0,0,0
"29363",0,0,0,0,0
"29385",0,1,1,1,0
"29386",0,1,1,1,0
"29401",0,0,1,1,0
"29402",0,0,1,1,0
"29424",0,0,0,0,0
"29425",0,0,0,0,0
"29426",0,0,0,0,0
"29427",0,0,0,0,0
"29441",0,1,1,1,0
"29442",0,0,1,1,0
"29443",0,1,1,1,0
"29444",0,1,1,1,0
"29446",0,1,1,1,0
"29447",0,1,1,1,0
"29449",0,1,1,1,0
"29450",0,1,1,1,0
"29451",0,1,1,1,0
"29452",0,1,1,1,0
"29453",0,1,1,1,0
"30201",0,0,1,1,0
"30202",0,0,1,1,0
"30203",0,1,1,1,0
"30204",0,0,1,1,0
"30205",0,1,1,1,0
"30206",0,1,1,1,0
"30207",0,1,1,1,0
"30208",0,1,1,1,0
"30209",0,0,1,1,0
"30304",0,1,1,1,0
"30341",0,1,1,1,0
"30343",0,1,1,1,0
"30344",0,1,1,1,0
"30361",0,1,1,1,0
"30362",0,1,1,1,0
"30366",0,1,1,1,0
"30381",0,0,0,1,0
"30382",0,0,1,1,0
"30383",0,0,1,1,0
"30390",0,1,1,1,0
"30391",0,1,1,1,0
"30392",0,1,1,1,0
"30401",0,1,1,1,0
"30404",0,1,1,1,0
"30406",0,1,1,1,0
"30421",0,1,1,1,0
"30422",0,0,1,1,0
"30424",0,1,1,1,0
"30427",0,1,1,1,0
"30428",0,1,1,1,0
"31201",1,1,1,0,0
"31202",1,1,1,0,0
"31203",1,1,1,0,0
"31204",1,0,0,0,0
"31302",1,1,1,0,0
"31325",1,1,1,0,0
"31328",1,1,1,0,0
"31329",1,1,1,0,0
"31364",1,1,1,0,0
"31370",1,1,1,0,0
"31371",1,1,1,0,0
"31372",1,1,1,0,0
"31384",1,0,0,0,0
"31386",1,1,1,0,0
"31389",1,1,1,0,0
"31390",1,1,1,0,0
"31401",1,1,1,0,0
"31402",1,1,1,0,0
"31403",1,1,1,0,0
"32201",1,1,1,1,0
"32202",1,1,1,0,0
"32203",1,1,1,1,0
"32204",1,1,1,0,0
"32205",1,1,1,0,0
"32206",1,1,1,0,0
"32207",1,1,1,0,0
"32209",1,1,1,0,0
"32343",1,1,1,0,0
"32386",1,1,1,0,0
"32441",1,1,1,0,0
"32448",1,1,1,0,0
"32449",1,1,1,0,0
"32501",1,1,1,0,0
"32505",1,1,1,0,0
"32525",0,0,1,0,1
"32526",0,0,1,0,1
"32527",0,0,1,0,1
"32528",0,0,1,0,1
"33202",0,0,0,0,1
"33203",1,1,1,0,0
"33204",0,0,0,0,1
"33205",0,0,1,0,1
"33207",0,1,1,0,0
"33208",0,1,1,0,0
"33209",1,1,1,0,0
"33210",1,1,1,0,0
"33211",0,1,1,0,1
"33212",0,0,1,0,1
"33213",0,1,1,0,0
"33214",1,1,1,0,0
"33215",1,1,1,0,0
"33216",0,0,1,0,0
"33346",0,1,1,0,0
"33423",0,0,0,0,0
"33445",0,0,1,0,0
"33461",0,1,1,0,0
"33586",1,1,1,0,0
"33606",1,1,1,0,0
"33622",1,1,1,0,0
"33623",1,1,1,0,0
"33643",1,1,1,0,0
"33663",0,1,1,0,0
"33666",1,1,1,0,0
"33681",0,1,1,0,0
"34202",0,0,1,1,1
"34203",0,1,1,0,0
"34204",0,1,1,0,1
"34205",0,1,1,0,1
"34207",0,1,1,0,1
"34208",0,1,1,0,0
"34209",1,1,1,0,0
"34210",1,1,1,0,0
"34211",0,1,1,0,1
"34212",0,1,1,0,0
"34213",1,1,1,0,0
"34214",1,1,1,0,0
"34215",0,0,1,1,0
"34302",0,0,0,0,0
"34304",0,0,0,0,0
"34307",0,1,0,0,0
"34309",0,0,0,0,0
"34368",1,1,1,0,0
"34369",1,1,1,0,0
"34431",0,0,1,0,1
"34462",0,1,1,0,0
"34545",1,1,1,0,0
"35201",0,1,1,0,1
"35202",0,1,1,0,0
"35203",0,1,1,0,0
"35204",0,1,1,0,1
"35206",0,1,1,0,1
"35207",0,0,0,0,0
"35208",1,1,1,1,1
"35210",0,0,1,1,1
"35211",0,1,1,0,0
"35212",0,0,1,1,1
"35213",0,1,1,0,0
"35215",0,1,1,0,1
"35216",0,1,1,0,0
"35305",0,0,1,1,1
"35321",0,0,0,0,0
"35341",0,0,0,1,1
"35343",0,0,1,1,1
"35344",0,0,0,1,1
"35502",0,1,1,0,0
"4100",1,1,1,0,0
"11100",0,0,0,0,0
"22130",1,1,1,1,0
"23100",0,0,0,0,0
"26100",1,1,1,0,0
"27100",0,0,0,0,0
"27140",0,0,0,0,0
"28100",0,0,0,0,0
"33100",0,1,1,0,0
"34100",1,1,1,0,0
"36201",0,1,1,0,0
"36202",0,0,1,0,0
"36203",0,0,1,0,0
"36204",0,1,1,0,1
"36205",0,1,1,0,0
"36206",0,1,1,0,0
"36207",0,1,1,0,0
"36208",0,1,1,0,0
"36301",0,1,1,0,0
"36302",0,1,1,0,0
"36321",0,1,1,0,0
"36341",0,1,1,0,0
"36342",0,1,1,0,0
"36368",0,1,1,0,0
"36383",0,1,1,0,1
"36387",0,1,1,0,0
"36388",0,1,1,0,0
"36401",0,0,0,0,0
"36402",0,0,0,0,0
"36403",0,0,0,0,0
"36404",0,0,1,0,0
"36405",0,0,1,0,0
"36468",0,1,1,0,0
"36489",0,1,1,0,0
"37201",0,1,1,0,1
"37202",0,0,1,0,1
"37203",0,0,1,0,1
"37204",0,0,1,0,0
"37205",0,1,1,0,1
"37206",0,1,1,0,0
"37207",0,1,1,0,0
"37208",0,0,1,0,1
"37322",0,0,1,0,1
"37324",0,0,1,0,1
"37341",0,1,1,0,0
"37364",0,0,0,0,1
"37386",0,0,1,0,0
"37387",0,1,1,0,0
"37403",0,0,1,0,0
"37404",0,0,0,0,1
"37406",0,1,1,0,0
"38201",0,1,1,0,1
"38202",0,1,1,0,1
"38203",0,1,1,1,1
"38204",0,1,1,1,1
"38205",0,1,1,0,1
"38206",0,1,1,0,0
"38207",0,1,1,1,1
"38210",0,1,1,0,0
"38213",0,1,1,0,0
"38214",0,1,1,1,0
"38215",0,1,1,0,0
"38356",0,0,0,0,1
"38386",0,1,1,0,0
"38401",0,0,1,0,0
"38402",0,1,1,0,0
"38422",0,1,1,0,0
"38442",0,0,1,1,0
"38484",0,1,1,0,0
"38488",0,1,1,0,0
"38506",0,1,1,1,0
"39201",0,1,1,0,0
"39202",0,1,1,0,0
"39203",0,1,1,0,0
"39204",0,1,1,0,0
"39205",0,1,1,0,0
"39206",0,1,1,0,0
"39208",0,1,1,1,1
"39209",0,1,1,1,0
"39210",0,1,1,1,0
"39211",0,1,1,0,0
"39212",0,1,1,0,0
"39301",0,1,1,0,0
"39302",0,1,1,0,0
"39303",0,1,1,0,0
"39304",0,1,1,0,0
"39305",0,1,1,0,0
"39306",0,1,1,0,0
"39307",0,1,1,0,0
"39341",0,1,1,0,0
"39344",0,1,1,0,0
"39363",0,1,1,0,0
"39364",0,1,1,0,0
"39386",0,1,1,0,0
"39387",0,1,1,0,0
"39401",0,1,1,0,0
"39402",0,1,1,0,0
"39403",0,1,1,0,0
"39405",0,1,1,0,0
"39410",0,1,1,0,0
"39411",0,1,1,0,0
"39412",0,1,1,1,0
"39424",0,1,1,1,0
"39427",0,1,1,1,0
"39428",0,1,1,1,0
"40202",0,0,1,0,0
"40203",0,1,1,0,0
"40204",0,0,0,0,0
"40205",0,1,1,0,0
"40206",0,0,0,0,0
"40207",0,0,0,0,0
"40210",0,1,1,0,0
"40211",0,0,1,0,0
"40212",0,0,0,0,0
"40213",0,0,1,0,0
"40214",0,1,1,0,0
"40215",0,0,0,0,0
"40216",0,0,0,0,0
"40217",0,1,1,0,0
"40218",0,0,0,0,0
"40219",0,0,0,0,0
"40220",0,0,1,0,1
"40221",0,0,0,0,0
"40223",0,1,1,0,0
"40224",0,0,1,0,0
"40225",0,1,1,0,0
"40226",0,1,1,0,0
"40227",0,1,1,0,0
"40228",0,1,1,0,0
"40229",0,0,1,0,0
"40230",0,1,1,0,1
"40231",0,1,1,0,0
"40341",0,0,0,0,0
"40342",0,1,1,0,0
"40343",0,0,0,0,0
"40344",0,0,0,0,0
"40345",0,0,0,0,1
"40348",0,1,1,0,0
"40349",0,0,0,0,0
"40381",0,0,0,0,0
"40382",0,0,0,0,0
"40383",0,0,1,0,0
"40384",0,0,0,0,0
"40401",0,0,0,0,0
"40402",0,0,0,0,0
"40421",0,0,1,0,0
"40447",0,0,1,0,0
"40448",0,1,1,0,0
"40503",0,0,0,0,0
"40522",0,0,0,0,0
"40544",0,1,1,0,0
"40601",0,0,1,0,0
"40602",0,1,1,0,0
"40604",0,0,0,0,0
"40605",0,0,1,0,0
"40608",0,0,1,0,0
"40609",0,1,1,0,0
"40610",0,0,1,0,0
"40621",0,0,0,0,0
"40625",0,1,1,0,0
"40642",0,0,0,0,0
"40646",0,1,1,0,0
"40647",0,1,1,0,0
"41201",0,1,1,0,0
"41202",0,1,1,1,1
"41203",0,1,1,0,0
"41204",0,0,1,0,0
"41205",0,0,1,1,0
"41206",0,0,1,1,0
"41207",0,0,1,0,0
"41208",0,1,1,0,0
"41209",0,0,1,0,0
"41210",0,1,1,0,0
"41327",0,1,1,0,0
"41341",0,0,0,0,0
"41345",0,1,1,0,0
"41346",0,1,1,0,0
"41387",0,0,1,1,0
"41401",0,0,1,1,0
"41423",0,0,0,0,0
"41424",0,0,1,0,0
"41425",0,0,1,0,0
"41441",0,0,1,0,0
"42201",0,0,1,1,1
"42202",0,0,1,1,1
"42203",0,0,1,1,0
"42204",0,0,1,1,0
"42205",0,0,1,0,0
"42207",0,0,1,1,1
"42208",0,0,1,1,1
"42209",0,0,1,0,1
"42210",0,0,1,0,1
"42211",0,0,1,0,1
"42212",0,0,1,1,1
"42213",0,0,1,1,0
"42214",0,0,1,1,0
"42307",0,0,1,0,0
"42308",0,0,1,1,0
"42321",0,0,1,0,0
"42322",0,0,1,0,0
"42323",0,0,1,0,0
"42383",0,0,0,0,1
"42391",0,0,1,1,0
"42411",0,0,1,0,1
"43202",0,1,1,0,0
"43203",0,1,1,0,0
"43204",0,0,1,0,0
"43205",0,1,1,0,0
"43206",0,0,1,0,0
"43208",0,1,1,0,0
"43210",0,1,1,0,0
"43211",0,0,1,1,0
"43212",0,1,1,1,1
"43213",0,1,1,1,0
"43214",0,1,1,0,0
"43215",0,1,1,1,1
"43216",0,0,1,0,0
"43348",0,1,1,0,0
"43364",0,0,1,0,0
"43367",0,0,1,0,0
"43368",0,0,1,0,0
"43369",0,0,1,0,0
"43403",0,1,1,0,0
"43404",0,0,1,0,0
"43423",0,1,1,0,0
"43424",0,1,1,0,0
"43425",0,1,1,0,0
"43428",0,1,1,0,0
"43432",0,1,1,0,0
"43433",0,1,1,0,0
"43441",0,1,1,0,0
"43442",0,0,1,0,0
"43443",0,1,1,0,0
"43444",0,1,1,0,0
"43447",0,1,1,0,0
"43468",0,0,1,0,0
"43482",0,1,1,0,0
"43484",0,0,1,0,0
"43501",0,1,1,0,0
"43505",0,1,1,0,0
"43506",0,1,1,0,0
"43507",0,1,1,0,0
"43510",0,1,1,0,0
"43511",0,1,1,0,0
"43512",0,1,1,0,0
"43513",0,1,1,0,0
"43514",0,1,1,0,0
"43531",0,1,1,1,1
"44201",0,1,1,0,0
"44202",0,0,1,1,0
"44203",0,1,1,0,0
"44204",0,1,1,0,0
"44205",0,1,1,0,1
"44206",0,1,1,0,0
"44207",0,1,1,0,1
"44208",0,1,1,0,0
"44209",0,1,1,1,0
"44210",0,1,1,1,0
"44211",0,1,1,1,0
"44212",0,1,1,0,0
"44213",0,1,1,0,0
"44214",0,1,1,1,0
"44322",0,0,0,0,1
"44341",0,0,1,1,0
"44461",0,1,1,0,0
"44462",0,1,1,0,0
"45201",0,1,1,0,0
"45202",0,1,1,1,0
"45203",0,1,1,0,1
"45204",0,1,1,1,1
"45205",0,1,1,0,0
"45206",0,1,1,0,0
"45207",0,1,1,1,1
"45208",0,1,1,0,0
"45209",0,1,1,0,0
"45341",0,1,1,0,0
"45361",0,0,0,0,0
"45382",0,1,1,0,0
"45383",0,1,1,0,0
"45401",0,1,1,0,0
"45402",0,0,1,0,0
"45403",0,1,1,0,0
"45404",0,1,1,0,0
"45405",0,1,1,0,0
"45406",0,1,1,0,0
"45421",0,1,1,0,0
"45429",0,1,1,0,0
"45430",0,1,1,0,0
"45431",0,1,1,0,0
"45441",0,1,1,0,0
"45442",0,1,1,0,0
"45443",0,1,1,0,0
"46201",0,0,1,1,1
"46203",0,1,1,1,0
"46204",0,0,1,1,0
"46206",0,0,1,0,0
"46208",0,1,1,0,1
"46210",0,0,1,1,0
"46213",0,0,0,0,1
"46214",0,1,1,1,0
"46215",0,0,1,1,1
"46216",0,0,1,1,0
"46217",0,1,1,1,0
"46218",0,1,1,1,0
"46219",0,0,1,1,0
"46220",0,0,1,1,0
"46221",0,0,1,1,0
"46223",0,0,1,1,0
"46224",0,1,1,0,0
"46225",0,0,1,1,0
"46303",0,0,1,0,1
"46392",0,1,1,0,0
"46404",0,0,0,0,1
"46452",0,0,1,0,0
"46468",0,1,0,1,0
"46482",0,0,0,1,0
"46490",0,1,1,1,0
"46491",0,1,1,1,0
"46492",0,1,1,1,0
"46501",0,0,0,0,1
"46502",0,0,0,0,1
"46505",0,0,1,0,1
"40100",0,0,1,0,0
"40130",0,1,1,0,0
"43100",0,0,1,1,0
"46222",0,0,1,0,1
"46304",0,0,1,0,1
"46523",0,0,1,0,1
"46524",0,0,1,0,1
"46525",0,0,1,0,1
"46527",0,0,1,0,1
"46529",0,0,0,0,1
"46530",0,0,0,0,1
"46531",0,0,0,0,1
"46532",0,0,0,0,1
"46533",0,0,0,0,1
"46534",0,0,0,0,1
"46535",0,0,0,0,1
"47000",0,0,0,0,0
"47201",0,0,0,0,0
"47205",0,0,0,0,0
"47207",0,0,0,0,1
"47208",0,0,0,0,0
"47209",0,0,1,0,0
"47210",0,0,0,0,0
"47211",0,0,0,0,0
"47212",0,0,0,0,0
"47213",0,0,0,0,1
"47214",0,0,0,0,1
"47215",0,0,0,0,1
"47301",0,0,1,0,0
"47302",0,0,1,0,0
"47303",0,0,1,0,0
"47306",0,0,0,0,0
"47308",0,0,0,0,1
"47311",0,0,0,0,0
"47313",0,0,1,0,0
"47314",0,0,0,0,0
"47315",0,0,0,0,1
"47324",0,0,0,0,0
"47325",0,0,0,0,0
"47326",0,0,0,0,0
"47327",0,0,0,0,0
"47328",0,0,0,0,0
"47329",0,0,0,0,0
"47348",0,0,0,0,0
"47350",0,0,0,0,0
"47353",0,0,1,0,1
"47354",0,0,1,0,1
"47355",0,0,0,0,1
"47356",0,0,0,0,1
"47357",0,0,0,0,1
"47358",0,0,0,0,1
"47359",0,0,0,0,1
"47360",0,0,0,0,1
"47361",0,0,0,0,1
"47362",0,0,0,0,0
"47375",0,0,0,0,1
"47381",0,0,1,0,1
"47382",0,0,0,0,1
