A38b_001,A38b_003
1101,104
1102,104
1103,104
1104,104
1105,104
1106,104
1107,104
1108,104
1109,104
1110,104
1202,101
1203,105
1204,112
1205,109
1206,120
1207,119
1208,117
1209,106
1210,106
1211,117
1212,115
1213,110
1214,116
1215,106
1216,107
1217,104
1218,107
1219,118
1220,113
1221,113
1222,106
1223,121
1224,104
1225,107
1226,107
1227,107
1228,108
1229,114
1230,109
1231,104
1233,109
1234,104
1235,104
1236,101
1303,104
1304,104
1331,101
1332,101
1333,101
1334,101
1337,101
1343,101
1345,101
1346,103
1347,103
1361,102
1362,102
1363,102
1364,102
1367,102
1370,103
1371,103
1391,105
1392,105
1393,105
1394,105
1395,105
1396,105
1397,105
1398,105
1399,105
1400,105
1401,105
1402,105
1403,105
1404,105
1405,105
1406,105
1407,105
1408,105
1409,105
1423,106
1424,107
1425,107
1427,106
1428,106
1429,106
1430,106
1431,107
1432,107
1433,108
1434,108
1436,107
1437,108
1438,108
1452,112
1453,112
1454,112
1455,112
1456,112
1457,112
1458,112
1459,112
1460,114
1461,114
1462,114
1463,114
1464,113
1465,113
1468,113
1469,113
1470,113
1471,113
1472,112
1481,115
1482,115
1483,115
1484,115
1485,115
1486,115
1487,115
1511,116
1512,116
1513,116
1514,116
1516,116
1517,116
1518,116
1519,116
1520,116
1543,117
1544,117
1545,117
1546,117
1547,117
1549,117
1550,117
1552,118
1555,118
1559,118
1560,118
1561,118
1562,118
1563,118
1564,117
1571,109
1575,109
1578,110
1581,110
1584,109
1585,110
1586,110
1601,111
1602,111
1604,111
1607,111
1608,111
1609,111
1610,111
1631,119
1632,119
1633,119
1634,119
1635,119
1636,119
1637,119
1638,119
1639,119
1641,119
1642,119
1643,119
1644,119
1645,119
1646,119
1647,119
1648,119
1649,119
1661,120
1662,120
1663,120
1664,120
1665,120
1667,120
1668,120
1691,121
1692,121
1693,121
1694,121
2201,203
2202,201
2203,202
2204,201
2205,204
2206,205
2207,205
2208,206
2209,204
2210,201
2301,203
2303,203
2304,203
2307,203
2321,204
2323,204
2343,201
2361,201
2362,201
2367,201
2381,201
2384,204
2387,204
2401,205
2402,205
2405,205
2406,205
2408,205
2411,205
2412,202
2423,206
2424,206
2425,206
2426,206
2441,202
2442,202
2443,202
2445,202
2446,202
2450,202
3201,301
3202,307
3203,305
3205,302
3206,302
3207,308
3208,302
3209,304
3210,305
3211,306
3213,309
3214,301
3215,303
3216,301
3301,301
3302,301
3303,301
3321,301
3322,301
3366,302
3381,303
3402,304
3441,305
3461,306
3482,307
3483,307
3484,307
3485,308
3501,309
3503,308
3506,309
3507,308
3524,309
4101,403
4102,403
4103,403
4104,403
4105,403
4202,409
4203,403
4205,409
4206,401
4207,403
4208,401
4209,403
4211,403
4212,409
4213,406
4214,409
4215,406
4216,403
4301,401
4302,401
4321,401
4322,401
4323,401
4324,401
4341,401
4361,403
4362,403
4401,403
4404,403
4406,403
4421,403
4422,403
4424,403
4444,406
4445,406
4501,406
4505,406
4581,409
4606,409
5201,504
5202,503
5203,507
5204,501
5206,504
5207,508
5209,501
5210,505
5211,504
5212,506
5213,502
5214,505
5215,506
5303,501
5327,502
5346,503
5348,503
5349,503
5361,504
5363,504
5366,504
5368,504
5434,506
5463,508
5464,508
6201,601
6202,603
6203,604
6204,604
6205,602
6206,601
6207,601
6208,601
6209,603
6210,601
6211,601
6212,601
6213,603
6301,601
6302,601
6321,601
6322,601
6323,601
6324,601
6341,601
6361,602
6362,602
6363,602
6364,602
6365,602
6366,602
6367,602
6381,603
6382,603
6401,603
6402,603
6403,603
6426,604
6428,604
6461,604
7201,701
7202,708
7203,702
7204,707
7205,703
7207,702
7208,708
7209,706
7210,701
7211,702
7212,706
7213,701
7214,701
7301,701
7303,701
7308,701
7322,701
7342,702
7344,702
7362,708
7364,708
7367,708
7368,708
7402,708
7405,708
7407,708
7408,708
7421,708
7422,708
7423,708
7444,708
7445,708
7446,708
7447,708
7461,703
7464,703
7465,703
7466,703
7481,703
7482,703
7483,703
7484,703
7501,702
7502,702
7503,702
7504,702
7505,702
7521,702
7522,702
7541,706
7542,706
7543,706
7544,706
7545,706
7546,706
7547,706
7548,706
7561,706
7564,706
8201,801
8202,802
8203,805
8204,809
8205,805
8207,808
8208,807
8210,808
8211,806
8212,803
8214,802
8215,802
8216,801
8217,807
8219,807
8220,806
8221,803
8222,804
8223,804
8224,807
8225,803
8226,803
8227,808
8228,809
8229,807
8230,805
8231,808
8232,804
8233,804
8234,804
8235,806
8236,801
8302,801
8309,801
8310,801
8341,803
8364,803
8442,807
8443,807
8447,807
8521,808
8542,809
8546,809
8564,807
9201,903
9202,906
9203,905
9204,906
9205,902
9206,902
9208,905
9209,904
9210,901
9211,901
9213,901
9214,901
9215,901
9216,905
9301,905
9342,904
9343,904
9344,904
9345,904
9361,905
9364,905
9384,901
9386,901
9407,901
9411,901
10201,1001
10202,1004
10203,1009
10204,1003
10205,1010
10206,1008
10207,1010
10208,1002
10209,1005
10210,1006
10211,1004
10212,1009
10344,1002
10345,1002
10366,1005
10367,1005
10382,1006
10383,1006
10384,1006
10421,1007
10424,1007
10425,1007
10426,1007
10428,1007
10429,1007
10443,1008
10444,1008
10448,1008
10449,1008
10464,1003
10521,1010
10522,1010
10523,1010
10524,1010
10525,1010
11101,1104
11102,1104
11103,1104
11104,1104
11105,1104
11106,1104
11107,1104
11108,1104
11109,1104
11110,1104
11201,110
11202,1109
11203,1101
11206,1108
11207,1110
11208,1107
11209,1107
11210,1108
11211,1109
11212,1106
11214,1103
11215,1107
11216,1108
11217,1105
11218,1109
11219,1105
11221,1103
11222,1103
11223,1101
11224,1101
11225,1107
11227,1102
11228,1102
11229,1102
11230,1102
11231,1105
11232,1108
11233,1105
11234,1103
11235,1102
11237,1103
11238,1108
11239,1106
11240,1108
11241,1106
11242,1107
11243,1103
11245,1102
11246,1108
11301,1105
11324,1102
11326,1106
11327,1106
11341,1106
11342,1106
11343,1106
11346,1106
11347,1106
11348,1106
11349,1106
11361,1110
11362,1110
11363,1110
11365,1110
11369,1106
11381,1109
11383,1109
11385,1109
11408,1109
11442,1108
11464,1108
11465,1103
12101,1201
12102,1201
12103,1201
12104,1201
12105,1201
12106,1201
12202,1205
12203,1202
12204,1202
12205,1207
12206,1208
12207,1203
12208,1203
12210,120
12211,1204
12212,1204
12213,120
12215,1205
12216,1202
12217,1203
12218,120
12219,1209
12220,1203
12221,1202
12222,1203
12223,1207
12224,1202
12225,1208
12226,1208
12227,1202
12228,1204
12229,1208
12230,1204
12231,1204
12232,1204
12233,1204
12234,1207
12235,1205
12236,1205
12237,120
12238,1206
12239,1206
12322,1204
12329,1204
12342,1205
12347,1205
12349,1205
12403,1206
12409,1206
12410,1206
12421,1206
12422,1206
12423,1206
12424,1206
12426,1206
12427,1206
12441,1206
12443,1206
12463,1207
13101,1301
13102,1301
13103,1301
13104,1304
13105,1301
13106,1301
13107,1307
13108,1307
13109,1302
13110,1303
13111,1302
13112,1303
13113,1303
13114,1304
13115,1304
13116,1305
13117,1305
13118,1306
13119,1305
13120,1305
13121,1306
13122,1306
13123,1307
13201,1309
13202,1310
13203,1311
13204,1311
13205,1308
13206,1311
13207,1310
13208,1311
13209,1309
13210,1311
13211,1312
13212,1309
13213,1312
13214,1310
13215,1310
13218,1308
13219,1311
13220,1310
13221,1312
13222,1312
13223,1310
13224,1309
13225,1309
13227,1308
13228,1308
13229,1312
13303,1308
13305,1308
13307,1308
13308,1308
13361,1313
13362,1313
13363,1313
13364,1313
13381,1313
13382,1313
13401,1313
13402,1313
13421,1313
14101,141
14102,141
14103,141
14104,141
14105,141
14106,1412
14107,1412
14108,1412
14109,1412
14110,1412
14111,1412
14112,1412
14113,1412
14114,1412
14115,1412
14116,1412
14117,1412
14118,1412
14131,1405
14132,1405
14133,1405
14134,1404
14135,1404
14136,1404
14137,1404
14151,1410
14152,1410
14153,1410
14201,1406
14203,1408
14204,1406
14205,1407
14206,1411
14207,1407
14208,1406
14210,1406
14211,1408
14212,1409
14213,1409
14214,1408
14215,1409
14216,1409
14217,1411
14218,1409
14301,1406
14321,1407
14341,1408
14342,1408
14361,1411
14362,1411
14363,1411
14364,1411
14366,1411
14382,1411
14383,1411
14384,1411
14401,1409
14402,1409
15101,1502
15102,1502
15103,1502
15104,1502
15105,1502
15106,1502
15107,1502
15108,1502
15202,1504
15204,1503
15205,1504
15206,1501
15208,1504
15209,1503
15210,1505
15211,1504
15212,1501
15213,1503
15216,1506
15217,1506
15218,1502
15222,1506
15223,1502
15224,1507
15225,1505
15226,1505
15227,1501
15307,1501
15342,1503
15361,1503
15385,1502
15405,1504
15461,1505
15482,1505
15504,1504
15581,1501
15586,1501
16201,1602
16202,1603
16204,1601
16205,1603
16206,1602
16207,1601
16208,1604
16209,1604
16210,1604
16211,1603
16321,1602
16322,1602
16323,1602
16342,1601
16343,1601
17201,1702
17202,1703
17203,1701
17204,1704
17205,1704
17206,1701
17207,1703
17209,1702
17210,1702
17211,1701
17212,1702
17324,1701
17361,1702
17365,1702
17384,1703
17386,1703
17407,1703
17461,1704
17463,1704
18201,1801
18202,1804
18204,1804
18205,1802
18206,1802
18207,1803
18208,1801
18209,1803
18210,1801
18322,1801
18382,1803
18404,1803
18423,1803
18442,1804
18481,1804
18483,1804
18501,1804
19201,1901
19202,1904
19204,1904
19205,1902
19206,1904
19207,1901
19208,1901
19209,1901
19210,1901
19211,1902
19212,1904
19213,1902
19214,1901
19346,1903
19364,1903
19365,1903
19366,1903
19368,1903
19384,1901
19422,1904
19423,1904
19424,1904
19425,1904
19429,1904
19430,1904
19442,1904
19443,1904
20201,2009
20202,2007
20203,2002
20204,2003
20205,200
20206,2003
20207,2009
20208,2001
20209,2004
20210,2004
20211,2010
20212,2008
20213,2010
20214,2003
20215,2007
20217,2001
20218,2009
20219,2002
20220,2007
20303,2001
20304,2001
20305,2001
20306,2001
20307,2001
20309,2001
20321,2001
20323,2001
20324,2001
20349,2002
20350,2002
20361,2003
20362,2003
20363,2003
20382,2004
20383,2004
20384,2004
20385,2004
20386,2004
20388,2004
20402,2005
20403,2005
20404,2005
20407,2005
20409,2005
20410,2005
20411,2005
20412,2005
20413,2005
20414,2005
20415,2005
20416,2005
20417,2005
20422,2006
20423,2006
20425,2006
20429,2006
20430,2006
20432,2006
20446,2007
20448,2007
20450,2007
20451,2007
20452,2007
20481,2008
20482,2008
20485,2008
20486,2008
20521,2009
20541,2009
20543,2009
20561,2010
20562,2010
20563,2010
20583,2009
20588,2009
20590,2009
20602,2010
21201,2101
21202,2102
21203,2105
21204,2104
21205,2103
21206,2104
21207,2103
21208,2104
21209,2101
21210,2104
21211,2103
21212,2104
21213,2101
21214,2103
21215,2101
21216,2101
21217,2105
21218,2101
21219,2103
21220,2105
21221,2102
21302,2101
21303,2101
21341,2102
21361,2102
21362,2102
21381,2102
21382,2102
21383,2102
21401,2102
21403,2102
21404,2102
21421,2101
21501,2103
21502,2103
21503,2103
21504,2103
21505,2103
21506,2103
21507,2103
21521,2103
21604,2105
22101,2205
22102,2205
22103,2205
22131,2208
22132,2208
22133,2208
22134,2208
22135,2208
22136,2208
22137,2208
22203,2203
22205,2202
22206,2203
22207,2204
22208,2202
22209,2206
22210,2204
22211,2207
22212,2206
22213,2207
22214,2206
22215,2203
22216,2207
22219,2201
22220,2203
22221,2208
22222,2203
22223,2207
22224,2207
22225,2203
22226,2206
22301,2201
22302,2201
22304,2201
22305,2201
22306,2201
22325,2203
22341,2203
22342,2203
22344,2203
22424,2206
22429,2206
22461,2207
23101,231
23102,231
23103,231
23104,231
23105,231
23106,231
23107,2313
23108,2313
23109,2313
23110,2313
23111,2313
23112,2313
23113,2313
23114,2313
23115,2313
23116,2313
23201,2312
23202,2310
23203,2305
23204,2304
23205,2307
23206,2306
23207,2312
23208,2302
23209,2309
23210,2309
23211,2308
23212,2309
23213,2309
23214,2312
23215,2306
23216,2307
23217,2306
23219,2306
23220,2305
23221,2311
23222,2307
23223,2307
23224,2307
23225,2309
23226,2304
23227,2309
23228,2306
23229,2304
23230,2304
23231,2312
23232,2302
23233,2313
23234,2313
23235,2302
23236,2308
23237,2302
23238,2304
23302,2304
23342,2313
23361,2306
23362,2306
23424,2302
23425,2302
23427,2302
23441,2307
23442,2307
23445,2307
23446,2307
23447,2307
23501,2310
23561,2311
23562,2311
23563,2311
24201,2402
24202,2401
24203,2403
24204,2403
24205,2401
24207,2401
24208,2402
24209,2404
24210,2401
24211,2403
24212,2404
24214,2401
24215,2403
24216,2402
24303,2401
24324,2401
24341,2401
24343,2401
24344,2401
24441,2403
24442,2403
24443,2403
24461,2403
24470,2403
24471,2403
24472,2403
24543,2404
24561,2404
24562,2404
25201,2501
25202,2505
25203,2506
25204,2504
25206,2502
25207,2502
25208,2502
25209,2503
25210,2502
25211,2503
25212,2507
25213,2504
25214,2506
25383,2504
25384,2504
25425,2505
25441,2505
25442,2505
25443,2505
26101,260
26102,2604
26103,2604
26104,2604
26105,2604
26106,2604
26107,2604
26108,2604
26109,2604
26110,2604
26111,2604
26201,2602
26202,2602
26203,2602
26204,2605
26205,2601
26206,2603
26207,2605
26208,2604
26209,2604
26210,2605
26211,2605
26212,2601
26213,2603
26214,2606
26303,2604
26322,2605
26343,2605
26344,2605
26364,2606
26365,2606
26366,2606
26367,2606
26407,2603
26463,2601
26465,2601
27102,270
27103,270
27104,270
27106,270
27107,270
27108,270
27109,270
27111,270
27113,270
27114,270
27115,270
27116,2708
27117,2708
27118,2708
27119,2708
27120,2708
27121,2708
27122,2708
27123,2708
27124,2708
27125,2708
27126,2708
27127,2708
27128,2708
27141,2706
27142,2706
27143,2706
27144,2706
27145,2706
27146,2706
27147,2706
27202,2707
27203,2701
27204,2701
27205,2701
27206,2707
27207,2702
27208,2707
27209,2703
27210,2703
27211,2702
27212,2704
27213,2707
27214,2705
27215,2703
27216,2705
27217,2705
27218,2703
27219,2707
27220,2701
27221,2704
27222,2705
27223,2703
27224,2702
27225,2707
27226,2705
27227,2704
27228,2707
27229,2703
27230,2703
27231,2705
27232,2707
27301,2702
27321,2701
27322,2701
27341,2707
27361,2707
27362,2707
27366,2707
27381,2705
27382,2705
27383,2705
28101,2801
28102,2801
28105,2801
28106,2801
28107,2801
28108,2801
28109,2801
28110,2801
28111,2801
28201,2812
28202,2811
28203,2804
28204,2811
28205,2810
28206,2811
28207,2811
28208,2812
28209,2808
28210,2804
28212,2812
28213,2805
28214,2811
28215,2805
28216,2804
28217,2811
28218,2805
28219,2811
28220,2805
28221,2809
28222,2808
28223,2809
28224,2810
28225,2808
28226,2810
28227,2812
28228,2805
28229,2812
28301,2811
28365,2805
28381,2804
28382,2804
28442,2812
28443,2812
28446,2812
28464,2812
28481,2812
28501,2812
28585,2808
28586,2808
29201,2901
29202,2904
29203,2903
29204,2902
29205,2904
29206,2902
29207,2905
29208,2904
29209,2903
29210,2904
29211,2904
29212,2902
29322,2902
29342,2903
29343,2903
29344,2903
29345,2903
29361,2902
29362,2902
29363,2902
29385,2902
29386,2902
29401,2904
29402,2904
29424,2903
29425,2903
29426,2904
29427,2903
29441,2905
29442,2905
29443,2905
29444,2905
29446,2905
29447,2905
29449,2905
29450,2905
29451,2905
29452,2905
29453,2905
30201,3001
30202,3001
30203,3003
30204,3004
30205,3005
30206,3006
30207,3007
30208,3002
30209,3002
30304,3001
30341,3003
30343,3003
30344,3003
30361,3004
30362,3004
30366,3004
30381,3005
30382,3005
30383,3005
30390,3005
30391,3006
30392,3005
30401,3006
30404,3006
30406,3006
30421,3007
30422,3007
30424,3007
30427,3007
30428,3007
31201,3101
31202,3103
31203,3102
31204,3103
31302,3101
31325,3101
31328,3101
31329,3101
31364,3102
31370,3102
31371,3102
31372,3102
31384,3103
31386,3103
31389,3103
31390,3103
31401,3103
31402,3103
31403,3103
32201,3201
32202,3205
32203,3203
32204,3206
32205,3204
32206,3201
32207,3205
32209,3202
32343,3202
32386,3202
32441,3204
32448,3204
32449,3204
32501,3206
32505,3206
32525,3207
32526,3207
32527,3207
32528,3207
33101,3301
33102,3301
33103,3301
33104,3301
33202,3302
33203,3305
33204,3301
33205,3302
33207,3302
33208,3302
33209,3303
33210,3303
33211,3301
33212,3301
33213,3301
33214,3304
33215,3305
33216,3302
33346,3301
33423,3302
33445,3302
33461,3302
33586,3304
33606,3305
33622,3305
33623,3305
33643,3305
33663,3305
33666,3305
33681,3301
34101,340
34102,340
34103,3401
34104,3401
34105,3401
34106,3401
34107,3401
34108,3401
34202,3403
34203,3404
34204,3405
34205,3405
34207,3406
34208,3406
34209,3407
34210,3407
34211,3402
34212,3404
34213,3402
34214,3401
34215,3403
34302,3401
34304,3401
34307,3401
34309,3401
34368,3401
34369,3401
34431,3404
34462,3405
34545,3406
35201,3506
35202,3505
35203,3504
35204,3508
35206,3504
35207,3503
35208,3501
35210,3503
35211,3507
35212,3502
35213,3505
35215,3503
35216,3505
35305,3502
35321,3501
35341,3502
35343,3502
35344,3502
35502,3508
36201,3601
36202,3601
36203,3603
36204,3603
36205,3601
36206,3601
36207,3605
36208,3605
36301,3603
36302,3603
36321,3601
36341,3601
36342,3601
36368,3603
36383,3603
36387,3603
36388,3603
36401,3601
36402,3601
36403,3601
36404,3601
36405,3601
36468,3605
36489,3605
37201,3706
37202,3707
37203,3707
37204,3707
37205,3707
37206,3706
37207,3706
37208,3707
37322,3702
37324,3702
37341,3706
37364,3706
37386,3707
37387,3707
37403,3707
37404,3707
37406,3707
38201,3804
38202,3803
38203,3806
38204,3805
38205,3802
38206,3802
38207,3805
38210,3804
38213,3801
38214,3805
38215,3804
38356,3803
38386,3804
38401,3804
38402,3804
38422,3805
38442,3805
38484,3806
38488,3806
38506,3806
39201,390
39202,3901
39203,3901
39204,3902
39205,3902
39206,3903
39208,3904
39209,3904
39210,3904
39211,3902
39212,3902
39301,3901
39302,3901
39303,3901
39304,3901
39305,3901
39306,3901
39307,3901
39341,3902
39344,3902
39363,3902
39364,3902
39386,3902
39387,3902
39401,3903
39402,3902
39403,3902
39405,3903
39410,3902
39411,3903
39412,3903
39424,3904
39427,3904
39428,3904
40101,4012
40103,4012
40105,4012
40106,4012
40107,4012
40108,4012
40109,4012
40131,4001
40132,4001
40133,4001
40134,4001
40135,4001
40136,4001
40137,4001
40202,4008
40203,4006
40204,4010
40205,4009
40206,4011
40207,4008
40210,4007
40211,4007
40212,4006
40213,4013
40214,4013
40215,4012
40216,4006
40217,4004
40218,4004
40219,4004
40220,4003
40221,4004
40223,4002
40224,4003
40225,4006
40226,4010
40227,4009
40228,4005
40229,4008
40230,4001
40231,4004
40341,4002
40342,4002
40343,4002
40344,4002
40345,4002
40348,4002
40349,4002
40381,4012
40382,4012
40383,4012
40384,4012
40401,4010
40402,4010
40421,4009
40447,4005
40448,4005
40503,4006
40522,4006
40544,4007
40601,4011
40602,4011
40604,4011
40605,4011
40608,4011
40609,4011
40610,4011
40621,4013
40625,4013
40642,4013
40646,4013
40647,4013
41201,4101
41202,4103
41203,4102
41204,4101
41205,4104
41206,4105
41207,4105
41208,4101
41209,4105
41210,4101
41327,4101
41341,4102
41345,4102
41346,4102
41387,4103
41401,4104
41423,4105
41424,4105
41425,4105
41441,4105
42201,4201
42202,4202
42203,4204
42204,4203
42205,4203
42207,4202
42208,4202
42209,4209
42210,4208
42211,4206
42212,4201
42213,4204
42214,4204
42307,4201
42308,4201
42321,4203
42322,4203
42323,4203
42383,4207
42391,4202
42411,4207
43101,4312
43102,4312
43103,4312
43104,4312
43105,4312
43202,4308
43203,4310
43204,4303
43205,4309
43206,4303
43208,4304
43210,4305
43211,4302
43212,4311
43213,4302
43214,4306
43215,4311
43216,4305
43348,4302
43364,4303
43367,4303
43368,4303
43369,4303
43403,4305
43404,4305
43423,4306
43424,4306
43425,4306
43428,4306
43432,4306
43433,4306
43441,4312
43442,4312
43443,4312
43444,4312
43447,4312
43468,4308
43482,4309
43484,4309
43501,4310
43505,4310
43506,4310
43507,4310
43510,4310
43511,4310
43512,4310
43513,4310
43514,4310
43531,4311
44201,4403
44202,4401
44203,4409
44204,4408
44205,4405
44206,4403
44207,4403
44208,4406
44209,4409
44210,4401
44211,4409
44212,4406
44213,4403
44214,4401
44322,4401
44341,4401
44461,4408
44462,4408
45201,4501
45202,4502
45203,4503
45204,4504
45205,4505
45206,4507
45207,4504
45208,4506
45209,4505
45341,4502
45361,4505
45382,4501
45383,4501
45401,4506
45402,4506
45403,4506
45404,4506
45405,4506
45406,4506
45421,4507
45429,4507
45430,4507
45431,4507
45441,4503
45442,4503
45443,4503
46201,4601
46203,4610
46204,4603
46206,4606
46208,4606
46210,4603
46213,4611
46214,4610
46215,4605
46216,4601
46217,4609
46218,4607
46219,4601
46220,4603
46221,4609
46222,4612
46223,4603
46224,4607
46225,4607
46303,4601
46304,4601
46392,4605
46404,4606
46452,4607
46468,4609
46482,4610
46490,4610
46491,4610
46492,4610
46501,4611
46502,4611
46505,4611
46523,4612
46524,4612
46525,4612
46527,4612
46529,4612
46530,4612
46531,4612
46532,4612
46533,4612
46534,4612
46535,4612
47201,470
47205,4702
47207,4705
47208,470
47209,4701
47210,470
47211,4702
47212,4703
47213,4702
47214,4704
47215,4703
47301,4701
47302,4701
47303,4701
47306,4701
47308,4701
47311,4702
47313,4702
47314,4702
47315,4701
47324,4702
47325,4702
47326,4702
47327,4702
47328,4702
47329,4703
47348,4703
47350,4703
47353,4703
47354,4703
47355,4703
47356,4703
47357,4703
47358,4703
47359,4701
47360,4701
47361,4703
47362,4703
47375,4704
47381,4705
47382,4705
